[
{
  "model": "admin.logentry",
  "pk": 1,
  "fields": {
    "action_time": "2025-07-27T19:33:18.960Z",
    "user": 1,
    "content_type": 9,
    "object_id": "3",
    "object_repr": "Evento 3",
    "action_flag": 3,
    "change_message": ""
  }
},
{
  "model": "admin.logentry",
  "pk": 2,
  "fields": {
    "action_time": "2025-07-27T19:33:18.960Z",
    "user": 1,
    "content_type": 9,
    "object_id": "2",
    "object_repr": "Evento 2",
    "action_flag": 3,
    "change_message": ""
  }
},
{
  "model": "admin.logentry",
  "pk": 3,
  "fields": {
    "action_time": "2025-07-27T19:33:18.960Z",
    "user": 1,
    "content_type": 9,
    "object_id": "1",
    "object_repr": "Evento 1",
    "action_flag": 3,
    "change_message": ""
  }
},
{
  "model": "admin.logentry",
  "pk": 4,
  "fields": {
    "action_time": "2025-07-27T19:33:23.017Z",
    "user": 1,
    "content_type": 8,
    "object_id": "3",
    "object_repr": "CADUCADO50",
    "action_flag": 3,
    "change_message": ""
  }
},
{
  "model": "admin.logentry",
  "pk": 5,
  "fields": {
    "action_time": "2025-07-27T19:33:23.017Z",
    "user": 1,
    "content_type": 8,
    "object_id": "2",
    "object_repr": "BIENVENIDA15",
    "action_flag": 3,
    "change_message": ""
  }
},
{
  "model": "admin.logentry",
  "pk": 6,
  "fields": {
    "action_time": "2025-07-27T19:33:23.017Z",
    "user": 1,
    "content_type": 8,
    "object_id": "1",
    "object_repr": "DESCUENTO10",
    "action_flag": 3,
    "change_message": ""
  }
},
{
  "model": "admin.logentry",
  "pk": 7,
  "fields": {
    "action_time": "2025-07-27T19:33:27.501Z",
    "user": 1,
    "content_type": 7,
    "object_id": "1",
    "object_repr": "Contenido Digital 1",
    "action_flag": 3,
    "change_message": ""
  }
},
{
  "model": "admin.logentry",
  "pk": 8,
  "fields": {
    "action_time": "2025-07-27T19:33:27.502Z",
    "user": 1,
    "content_type": 7,
    "object_id": "2",
    "object_repr": "Contenido Digital 2",
    "action_flag": 3,
    "change_message": ""
  }
},
{
  "model": "admin.logentry",
  "pk": 9,
  "fields": {
    "action_time": "2025-07-27T19:33:27.502Z",
    "user": 1,
    "content_type": 7,
    "object_id": "3",
    "object_repr": "Contenido Digital 3",
    "action_flag": 3,
    "change_message": ""
  }
},
{
  "model": "admin.logentry",
  "pk": 10,
  "fields": {
    "action_time": "2025-07-27T21:43:23.975Z",
    "user": 1,
    "content_type": 9,
    "object_id": "11",
    "object_repr": "Evento 8",
    "action_flag": 2,
    "change_message": "[{\"changed\": {\"fields\": [\"Price\"]}}]"
  }
},
{
  "model": "admin.logentry",
  "pk": 11,
  "fields": {
    "action_time": "2025-07-27T21:45:55.610Z",
    "user": 1,
    "content_type": 9,
    "object_id": "19",
    "object_repr": "A mano",
    "action_flag": 1,
    "change_message": "[{\"added\": {}}]"
  }
},
{
  "model": "admin.logentry",
  "pk": 12,
  "fields": {
    "action_time": "2025-07-27T22:10:16.085Z",
    "user": 1,
    "content_type": 9,
    "object_id": "18",
    "object_repr": "Evento 15",
    "action_flag": 2,
    "change_message": "[{\"changed\": {\"fields\": [\"Duration (HH:MM)\"]}}]"
  }
},
{
  "model": "admin.logentry",
  "pk": 13,
  "fields": {
    "action_time": "2025-07-27T22:10:23.927Z",
    "user": 1,
    "content_type": 9,
    "object_id": "18",
    "object_repr": "Evento 15",
    "action_flag": 2,
    "change_message": "[{\"changed\": {\"fields\": [\"Duration (HH:MM)\"]}}]"
  }
},
{
  "model": "admin.logentry",
  "pk": 14,
  "fields": {
    "action_time": "2025-07-27T22:10:52.098Z",
    "user": 1,
    "content_type": 9,
    "object_id": "20",
    "object_repr": "asd",
    "action_flag": 1,
    "change_message": "[{\"added\": {}}]"
  }
},
{
  "model": "admin.logentry",
  "pk": 15,
  "fields": {
    "action_time": "2025-07-27T22:11:33.182Z",
    "user": 1,
    "content_type": 9,
    "object_id": "20",
    "object_repr": "asd",
    "action_flag": 2,
    "change_message": "[{\"changed\": {\"fields\": [\"Duration (HH:MM)\"]}}]"
  }
},
{
  "model": "admin.logentry",
  "pk": 16,
  "fields": {
    "action_time": "2025-07-27T22:17:25.014Z",
    "user": 1,
    "content_type": 9,
    "object_id": "18",
    "object_repr": "Evento 15",
    "action_flag": 2,
    "change_message": "[{\"changed\": {\"fields\": [\"Duration (HH:MM)\"]}}]"
  }
},
{
  "model": "admin.logentry",
  "pk": 17,
  "fields": {
    "action_time": "2025-07-27T22:22:43.825Z",
    "user": 1,
    "content_type": 7,
    "object_id": "19",
    "object_repr": "Guía Antropología CE332",
    "action_flag": 1,
    "change_message": "[{\"added\": {}}]"
  }
},
{
  "model": "admin.logentry",
  "pk": 18,
  "fields": {
    "action_time": "2025-07-27T22:47:00.481Z",
    "user": 1,
    "content_type": 10,
    "object_id": "1",
    "object_repr": "Cliente 1 (cliente1@demo.com)",
    "action_flag": 3,
    "change_message": ""
  }
},
{
  "model": "admin.logentry",
  "pk": 19,
  "fields": {
    "action_time": "2025-07-27T22:47:00.481Z",
    "user": 1,
    "content_type": 10,
    "object_id": "10",
    "object_repr": "Cliente 10 (cliente10@demo.com)",
    "action_flag": 3,
    "change_message": ""
  }
},
{
  "model": "admin.logentry",
  "pk": 20,
  "fields": {
    "action_time": "2025-07-27T22:47:00.481Z",
    "user": 1,
    "content_type": 10,
    "object_id": "2",
    "object_repr": "Cliente 2 (cliente2@demo.com)",
    "action_flag": 3,
    "change_message": ""
  }
},
{
  "model": "admin.logentry",
  "pk": 21,
  "fields": {
    "action_time": "2025-07-27T22:47:00.481Z",
    "user": 1,
    "content_type": 10,
    "object_id": "3",
    "object_repr": "Cliente 3 (cliente3@demo.com)",
    "action_flag": 3,
    "change_message": ""
  }
},
{
  "model": "admin.logentry",
  "pk": 22,
  "fields": {
    "action_time": "2025-07-27T22:47:00.481Z",
    "user": 1,
    "content_type": 10,
    "object_id": "4",
    "object_repr": "Cliente 4 (cliente4@demo.com)",
    "action_flag": 3,
    "change_message": ""
  }
},
{
  "model": "admin.logentry",
  "pk": 23,
  "fields": {
    "action_time": "2025-07-27T22:47:00.481Z",
    "user": 1,
    "content_type": 10,
    "object_id": "5",
    "object_repr": "Cliente 5 (cliente5@demo.com)",
    "action_flag": 3,
    "change_message": ""
  }
},
{
  "model": "admin.logentry",
  "pk": 24,
  "fields": {
    "action_time": "2025-07-27T22:47:00.481Z",
    "user": 1,
    "content_type": 10,
    "object_id": "6",
    "object_repr": "Cliente 6 (cliente6@demo.com)",
    "action_flag": 3,
    "change_message": ""
  }
},
{
  "model": "admin.logentry",
  "pk": 25,
  "fields": {
    "action_time": "2025-07-27T22:47:00.481Z",
    "user": 1,
    "content_type": 10,
    "object_id": "7",
    "object_repr": "Cliente 7 (cliente7@demo.com)",
    "action_flag": 3,
    "change_message": ""
  }
},
{
  "model": "admin.logentry",
  "pk": 26,
  "fields": {
    "action_time": "2025-07-27T22:47:00.481Z",
    "user": 1,
    "content_type": 10,
    "object_id": "8",
    "object_repr": "Cliente 8 (cliente8@demo.com)",
    "action_flag": 3,
    "change_message": ""
  }
},
{
  "model": "admin.logentry",
  "pk": 27,
  "fields": {
    "action_time": "2025-07-27T22:47:00.481Z",
    "user": 1,
    "content_type": 10,
    "object_id": "9",
    "object_repr": "Cliente 9 (cliente9@demo.com)",
    "action_flag": 3,
    "change_message": ""
  }
},
{
  "model": "admin.logentry",
  "pk": 28,
  "fields": {
    "action_time": "2025-07-27T23:12:11.340Z",
    "user": 1,
    "content_type": 9,
    "object_id": "18",
    "object_repr": "Evento 15",
    "action_flag": 3,
    "change_message": ""
  }
},
{
  "model": "admin.logentry",
  "pk": 29,
  "fields": {
    "action_time": "2025-07-27T23:12:11.340Z",
    "user": 1,
    "content_type": 9,
    "object_id": "17",
    "object_repr": "Evento 14",
    "action_flag": 3,
    "change_message": ""
  }
},
{
  "model": "admin.logentry",
  "pk": 30,
  "fields": {
    "action_time": "2025-07-27T23:12:11.340Z",
    "user": 1,
    "content_type": 9,
    "object_id": "16",
    "object_repr": "Evento 13",
    "action_flag": 3,
    "change_message": ""
  }
},
{
  "model": "admin.logentry",
  "pk": 31,
  "fields": {
    "action_time": "2025-07-27T23:12:11.340Z",
    "user": 1,
    "content_type": 9,
    "object_id": "15",
    "object_repr": "Evento 12",
    "action_flag": 3,
    "change_message": ""
  }
},
{
  "model": "admin.logentry",
  "pk": 32,
  "fields": {
    "action_time": "2025-07-27T23:12:11.340Z",
    "user": 1,
    "content_type": 9,
    "object_id": "14",
    "object_repr": "Evento 11",
    "action_flag": 3,
    "change_message": ""
  }
},
{
  "model": "admin.logentry",
  "pk": 33,
  "fields": {
    "action_time": "2025-07-27T23:12:11.340Z",
    "user": 1,
    "content_type": 9,
    "object_id": "13",
    "object_repr": "Evento 10",
    "action_flag": 3,
    "change_message": ""
  }
},
{
  "model": "admin.logentry",
  "pk": 34,
  "fields": {
    "action_time": "2025-07-27T23:12:11.340Z",
    "user": 1,
    "content_type": 9,
    "object_id": "12",
    "object_repr": "Evento 9",
    "action_flag": 3,
    "change_message": ""
  }
},
{
  "model": "admin.logentry",
  "pk": 35,
  "fields": {
    "action_time": "2025-07-27T23:12:11.340Z",
    "user": 1,
    "content_type": 9,
    "object_id": "11",
    "object_repr": "Evento 8",
    "action_flag": 3,
    "change_message": ""
  }
},
{
  "model": "admin.logentry",
  "pk": 36,
  "fields": {
    "action_time": "2025-07-27T23:12:11.340Z",
    "user": 1,
    "content_type": 9,
    "object_id": "10",
    "object_repr": "Evento 7",
    "action_flag": 3,
    "change_message": ""
  }
},
{
  "model": "admin.logentry",
  "pk": 37,
  "fields": {
    "action_time": "2025-07-27T23:12:11.340Z",
    "user": 1,
    "content_type": 9,
    "object_id": "9",
    "object_repr": "Evento 6",
    "action_flag": 3,
    "change_message": ""
  }
},
{
  "model": "admin.logentry",
  "pk": 38,
  "fields": {
    "action_time": "2025-07-27T23:12:11.340Z",
    "user": 1,
    "content_type": 9,
    "object_id": "8",
    "object_repr": "Evento 5",
    "action_flag": 3,
    "change_message": ""
  }
},
{
  "model": "admin.logentry",
  "pk": 39,
  "fields": {
    "action_time": "2025-07-27T23:12:11.340Z",
    "user": 1,
    "content_type": 9,
    "object_id": "7",
    "object_repr": "Evento 4",
    "action_flag": 3,
    "change_message": ""
  }
},
{
  "model": "admin.logentry",
  "pk": 40,
  "fields": {
    "action_time": "2025-07-27T23:12:11.340Z",
    "user": 1,
    "content_type": 9,
    "object_id": "6",
    "object_repr": "Evento 3",
    "action_flag": 3,
    "change_message": ""
  }
},
{
  "model": "admin.logentry",
  "pk": 41,
  "fields": {
    "action_time": "2025-07-27T23:12:11.340Z",
    "user": 1,
    "content_type": 9,
    "object_id": "5",
    "object_repr": "Evento 2",
    "action_flag": 3,
    "change_message": ""
  }
},
{
  "model": "admin.logentry",
  "pk": 42,
  "fields": {
    "action_time": "2025-07-27T23:12:11.340Z",
    "user": 1,
    "content_type": 9,
    "object_id": "4",
    "object_repr": "Evento 1",
    "action_flag": 3,
    "change_message": ""
  }
},
{
  "model": "admin.logentry",
  "pk": 43,
  "fields": {
    "action_time": "2025-07-27T23:12:19.724Z",
    "user": 1,
    "content_type": 7,
    "object_id": "4",
    "object_repr": "Contenido Digital 1",
    "action_flag": 3,
    "change_message": ""
  }
},
{
  "model": "admin.logentry",
  "pk": 44,
  "fields": {
    "action_time": "2025-07-27T23:12:19.724Z",
    "user": 1,
    "content_type": 7,
    "object_id": "13",
    "object_repr": "Contenido Digital 10",
    "action_flag": 3,
    "change_message": ""
  }
},
{
  "model": "admin.logentry",
  "pk": 45,
  "fields": {
    "action_time": "2025-07-27T23:12:19.725Z",
    "user": 1,
    "content_type": 7,
    "object_id": "14",
    "object_repr": "Contenido Digital 11",
    "action_flag": 3,
    "change_message": ""
  }
},
{
  "model": "admin.logentry",
  "pk": 46,
  "fields": {
    "action_time": "2025-07-27T23:12:19.725Z",
    "user": 1,
    "content_type": 7,
    "object_id": "15",
    "object_repr": "Contenido Digital 12",
    "action_flag": 3,
    "change_message": ""
  }
},
{
  "model": "admin.logentry",
  "pk": 47,
  "fields": {
    "action_time": "2025-07-27T23:12:19.725Z",
    "user": 1,
    "content_type": 7,
    "object_id": "16",
    "object_repr": "Contenido Digital 13",
    "action_flag": 3,
    "change_message": ""
  }
},
{
  "model": "admin.logentry",
  "pk": 48,
  "fields": {
    "action_time": "2025-07-27T23:12:19.725Z",
    "user": 1,
    "content_type": 7,
    "object_id": "17",
    "object_repr": "Contenido Digital 14",
    "action_flag": 3,
    "change_message": ""
  }
},
{
  "model": "admin.logentry",
  "pk": 49,
  "fields": {
    "action_time": "2025-07-27T23:12:19.725Z",
    "user": 1,
    "content_type": 7,
    "object_id": "18",
    "object_repr": "Contenido Digital 15",
    "action_flag": 3,
    "change_message": ""
  }
},
{
  "model": "admin.logentry",
  "pk": 50,
  "fields": {
    "action_time": "2025-07-27T23:12:19.725Z",
    "user": 1,
    "content_type": 7,
    "object_id": "5",
    "object_repr": "Contenido Digital 2",
    "action_flag": 3,
    "change_message": ""
  }
},
{
  "model": "admin.logentry",
  "pk": 51,
  "fields": {
    "action_time": "2025-07-27T23:12:19.725Z",
    "user": 1,
    "content_type": 7,
    "object_id": "6",
    "object_repr": "Contenido Digital 3",
    "action_flag": 3,
    "change_message": ""
  }
},
{
  "model": "admin.logentry",
  "pk": 52,
  "fields": {
    "action_time": "2025-07-27T23:12:19.725Z",
    "user": 1,
    "content_type": 7,
    "object_id": "7",
    "object_repr": "Contenido Digital 4",
    "action_flag": 3,
    "change_message": ""
  }
},
{
  "model": "admin.logentry",
  "pk": 53,
  "fields": {
    "action_time": "2025-07-27T23:12:19.725Z",
    "user": 1,
    "content_type": 7,
    "object_id": "8",
    "object_repr": "Contenido Digital 5",
    "action_flag": 3,
    "change_message": ""
  }
},
{
  "model": "admin.logentry",
  "pk": 54,
  "fields": {
    "action_time": "2025-07-27T23:12:19.725Z",
    "user": 1,
    "content_type": 7,
    "object_id": "9",
    "object_repr": "Contenido Digital 6",
    "action_flag": 3,
    "change_message": ""
  }
},
{
  "model": "admin.logentry",
  "pk": 55,
  "fields": {
    "action_time": "2025-07-27T23:12:19.725Z",
    "user": 1,
    "content_type": 7,
    "object_id": "10",
    "object_repr": "Contenido Digital 7",
    "action_flag": 3,
    "change_message": ""
  }
},
{
  "model": "admin.logentry",
  "pk": 56,
  "fields": {
    "action_time": "2025-07-27T23:12:19.725Z",
    "user": 1,
    "content_type": 7,
    "object_id": "11",
    "object_repr": "Contenido Digital 8",
    "action_flag": 3,
    "change_message": ""
  }
},
{
  "model": "admin.logentry",
  "pk": 57,
  "fields": {
    "action_time": "2025-07-27T23:12:19.725Z",
    "user": 1,
    "content_type": 7,
    "object_id": "12",
    "object_repr": "Contenido Digital 9",
    "action_flag": 3,
    "change_message": ""
  }
},
{
  "model": "admin.logentry",
  "pk": 58,
  "fields": {
    "action_time": "2025-07-27T23:12:25.304Z",
    "user": 1,
    "content_type": 10,
    "object_id": "11",
    "object_repr": "Cliente 1 (cliente1@demo.com)",
    "action_flag": 3,
    "change_message": ""
  }
},
{
  "model": "admin.logentry",
  "pk": 59,
  "fields": {
    "action_time": "2025-07-27T23:12:25.304Z",
    "user": 1,
    "content_type": 10,
    "object_id": "20",
    "object_repr": "Cliente 10 (cliente10@demo.com)",
    "action_flag": 3,
    "change_message": ""
  }
},
{
  "model": "admin.logentry",
  "pk": 60,
  "fields": {
    "action_time": "2025-07-27T23:12:25.304Z",
    "user": 1,
    "content_type": 10,
    "object_id": "12",
    "object_repr": "Cliente 2 (cliente2@demo.com)",
    "action_flag": 3,
    "change_message": ""
  }
},
{
  "model": "admin.logentry",
  "pk": 61,
  "fields": {
    "action_time": "2025-07-27T23:12:25.305Z",
    "user": 1,
    "content_type": 10,
    "object_id": "13",
    "object_repr": "Cliente 3 (cliente3@demo.com)",
    "action_flag": 3,
    "change_message": ""
  }
},
{
  "model": "admin.logentry",
  "pk": 62,
  "fields": {
    "action_time": "2025-07-27T23:12:25.305Z",
    "user": 1,
    "content_type": 10,
    "object_id": "14",
    "object_repr": "Cliente 4 (cliente4@demo.com)",
    "action_flag": 3,
    "change_message": ""
  }
},
{
  "model": "admin.logentry",
  "pk": 63,
  "fields": {
    "action_time": "2025-07-27T23:12:25.305Z",
    "user": 1,
    "content_type": 10,
    "object_id": "15",
    "object_repr": "Cliente 5 (cliente5@demo.com)",
    "action_flag": 3,
    "change_message": ""
  }
},
{
  "model": "admin.logentry",
  "pk": 64,
  "fields": {
    "action_time": "2025-07-27T23:12:25.305Z",
    "user": 1,
    "content_type": 10,
    "object_id": "16",
    "object_repr": "Cliente 6 (cliente6@demo.com)",
    "action_flag": 3,
    "change_message": ""
  }
},
{
  "model": "admin.logentry",
  "pk": 65,
  "fields": {
    "action_time": "2025-07-27T23:12:25.305Z",
    "user": 1,
    "content_type": 10,
    "object_id": "17",
    "object_repr": "Cliente 7 (cliente7@demo.com)",
    "action_flag": 3,
    "change_message": ""
  }
},
{
  "model": "admin.logentry",
  "pk": 66,
  "fields": {
    "action_time": "2025-07-27T23:12:25.305Z",
    "user": 1,
    "content_type": 10,
    "object_id": "18",
    "object_repr": "Cliente 8 (cliente8@demo.com)",
    "action_flag": 3,
    "change_message": ""
  }
},
{
  "model": "admin.logentry",
  "pk": 67,
  "fields": {
    "action_time": "2025-07-27T23:12:25.305Z",
    "user": 1,
    "content_type": 10,
    "object_id": "19",
    "object_repr": "Cliente 9 (cliente9@demo.com)",
    "action_flag": 3,
    "change_message": ""
  }
},
{
  "model": "admin.logentry",
  "pk": 68,
  "fields": {
    "action_time": "2025-07-27T23:18:26.447Z",
    "user": 1,
    "content_type": 10,
    "object_id": "21",
    "object_repr": "Cliente 1 (cliente1@demo.com)",
    "action_flag": 3,
    "change_message": ""
  }
},
{
  "model": "admin.logentry",
  "pk": 69,
  "fields": {
    "action_time": "2025-07-27T23:18:26.447Z",
    "user": 1,
    "content_type": 10,
    "object_id": "30",
    "object_repr": "Cliente 10 (cliente10@demo.com)",
    "action_flag": 3,
    "change_message": ""
  }
},
{
  "model": "admin.logentry",
  "pk": 70,
  "fields": {
    "action_time": "2025-07-27T23:18:26.447Z",
    "user": 1,
    "content_type": 10,
    "object_id": "22",
    "object_repr": "Cliente 2 (cliente2@demo.com)",
    "action_flag": 3,
    "change_message": ""
  }
},
{
  "model": "admin.logentry",
  "pk": 71,
  "fields": {
    "action_time": "2025-07-27T23:18:26.447Z",
    "user": 1,
    "content_type": 10,
    "object_id": "23",
    "object_repr": "Cliente 3 (cliente3@demo.com)",
    "action_flag": 3,
    "change_message": ""
  }
},
{
  "model": "admin.logentry",
  "pk": 72,
  "fields": {
    "action_time": "2025-07-27T23:18:26.447Z",
    "user": 1,
    "content_type": 10,
    "object_id": "24",
    "object_repr": "Cliente 4 (cliente4@demo.com)",
    "action_flag": 3,
    "change_message": ""
  }
},
{
  "model": "admin.logentry",
  "pk": 73,
  "fields": {
    "action_time": "2025-07-27T23:18:26.447Z",
    "user": 1,
    "content_type": 10,
    "object_id": "25",
    "object_repr": "Cliente 5 (cliente5@demo.com)",
    "action_flag": 3,
    "change_message": ""
  }
},
{
  "model": "admin.logentry",
  "pk": 74,
  "fields": {
    "action_time": "2025-07-27T23:18:26.447Z",
    "user": 1,
    "content_type": 10,
    "object_id": "26",
    "object_repr": "Cliente 6 (cliente6@demo.com)",
    "action_flag": 3,
    "change_message": ""
  }
},
{
  "model": "admin.logentry",
  "pk": 75,
  "fields": {
    "action_time": "2025-07-27T23:18:26.447Z",
    "user": 1,
    "content_type": 10,
    "object_id": "27",
    "object_repr": "Cliente 7 (cliente7@demo.com)",
    "action_flag": 3,
    "change_message": ""
  }
},
{
  "model": "admin.logentry",
  "pk": 76,
  "fields": {
    "action_time": "2025-07-27T23:18:26.447Z",
    "user": 1,
    "content_type": 10,
    "object_id": "28",
    "object_repr": "Cliente 8 (cliente8@demo.com)",
    "action_flag": 3,
    "change_message": ""
  }
},
{
  "model": "admin.logentry",
  "pk": 77,
  "fields": {
    "action_time": "2025-07-27T23:18:26.447Z",
    "user": 1,
    "content_type": 10,
    "object_id": "29",
    "object_repr": "Cliente 9 (cliente9@demo.com)",
    "action_flag": 3,
    "change_message": ""
  }
},
{
  "model": "admin.logentry",
  "pk": 78,
  "fields": {
    "action_time": "2025-07-27T23:18:43.599Z",
    "user": 1,
    "content_type": 10,
    "object_id": "31",
    "object_repr": "Cliente 1 (cliente1@demo.com)",
    "action_flag": 3,
    "change_message": ""
  }
},
{
  "model": "admin.logentry",
  "pk": 79,
  "fields": {
    "action_time": "2025-07-27T23:18:43.599Z",
    "user": 1,
    "content_type": 10,
    "object_id": "40",
    "object_repr": "Cliente 10 (cliente10@demo.com)",
    "action_flag": 3,
    "change_message": ""
  }
},
{
  "model": "admin.logentry",
  "pk": 80,
  "fields": {
    "action_time": "2025-07-27T23:18:43.599Z",
    "user": 1,
    "content_type": 10,
    "object_id": "32",
    "object_repr": "Cliente 2 (cliente2@demo.com)",
    "action_flag": 3,
    "change_message": ""
  }
},
{
  "model": "admin.logentry",
  "pk": 81,
  "fields": {
    "action_time": "2025-07-27T23:18:43.599Z",
    "user": 1,
    "content_type": 10,
    "object_id": "33",
    "object_repr": "Cliente 3 (cliente3@demo.com)",
    "action_flag": 3,
    "change_message": ""
  }
},
{
  "model": "admin.logentry",
  "pk": 82,
  "fields": {
    "action_time": "2025-07-27T23:18:43.599Z",
    "user": 1,
    "content_type": 10,
    "object_id": "34",
    "object_repr": "Cliente 4 (cliente4@demo.com)",
    "action_flag": 3,
    "change_message": ""
  }
},
{
  "model": "admin.logentry",
  "pk": 83,
  "fields": {
    "action_time": "2025-07-27T23:18:43.599Z",
    "user": 1,
    "content_type": 10,
    "object_id": "35",
    "object_repr": "Cliente 5 (cliente5@demo.com)",
    "action_flag": 3,
    "change_message": ""
  }
},
{
  "model": "admin.logentry",
  "pk": 84,
  "fields": {
    "action_time": "2025-07-27T23:18:43.599Z",
    "user": 1,
    "content_type": 10,
    "object_id": "36",
    "object_repr": "Cliente 6 (cliente6@demo.com)",
    "action_flag": 3,
    "change_message": ""
  }
},
{
  "model": "admin.logentry",
  "pk": 85,
  "fields": {
    "action_time": "2025-07-27T23:18:43.599Z",
    "user": 1,
    "content_type": 10,
    "object_id": "37",
    "object_repr": "Cliente 7 (cliente7@demo.com)",
    "action_flag": 3,
    "change_message": ""
  }
},
{
  "model": "admin.logentry",
  "pk": 86,
  "fields": {
    "action_time": "2025-07-27T23:18:43.599Z",
    "user": 1,
    "content_type": 10,
    "object_id": "38",
    "object_repr": "Cliente 8 (cliente8@demo.com)",
    "action_flag": 3,
    "change_message": ""
  }
},
{
  "model": "admin.logentry",
  "pk": 87,
  "fields": {
    "action_time": "2025-07-27T23:18:43.599Z",
    "user": 1,
    "content_type": 10,
    "object_id": "39",
    "object_repr": "Cliente 9 (cliente9@demo.com)",
    "action_flag": 3,
    "change_message": ""
  }
},
{
  "model": "admin.logentry",
  "pk": 88,
  "fields": {
    "action_time": "2025-07-28T04:52:44.333Z",
    "user": 1,
    "content_type": 9,
    "object_id": "34",
    "object_repr": "Evento 21",
    "action_flag": 2,
    "change_message": "[{\"changed\": {\"fields\": [\"Name\", \"Duration (HH:MM)\"]}}]"
  }
},
{
  "model": "admin.logentry",
  "pk": 89,
  "fields": {
    "action_time": "2025-07-28T04:52:54.477Z",
    "user": 1,
    "content_type": 9,
    "object_id": "34",
    "object_repr": "Evento 22",
    "action_flag": 2,
    "change_message": "[{\"changed\": {\"fields\": [\"Name\", \"Duration (HH:MM)\"]}}]"
  }
},
{
  "model": "auth.permission",
  "pk": 1,
  "fields": {
    "name": "Can add log entry",
    "content_type": 1,
    "codename": "add_logentry"
  }
},
{
  "model": "auth.permission",
  "pk": 2,
  "fields": {
    "name": "Can change log entry",
    "content_type": 1,
    "codename": "change_logentry"
  }
},
{
  "model": "auth.permission",
  "pk": 3,
  "fields": {
    "name": "Can delete log entry",
    "content_type": 1,
    "codename": "delete_logentry"
  }
},
{
  "model": "auth.permission",
  "pk": 4,
  "fields": {
    "name": "Can view log entry",
    "content_type": 1,
    "codename": "view_logentry"
  }
},
{
  "model": "auth.permission",
  "pk": 5,
  "fields": {
    "name": "Can add permission",
    "content_type": 2,
    "codename": "add_permission"
  }
},
{
  "model": "auth.permission",
  "pk": 6,
  "fields": {
    "name": "Can change permission",
    "content_type": 2,
    "codename": "change_permission"
  }
},
{
  "model": "auth.permission",
  "pk": 7,
  "fields": {
    "name": "Can delete permission",
    "content_type": 2,
    "codename": "delete_permission"
  }
},
{
  "model": "auth.permission",
  "pk": 8,
  "fields": {
    "name": "Can view permission",
    "content_type": 2,
    "codename": "view_permission"
  }
},
{
  "model": "auth.permission",
  "pk": 9,
  "fields": {
    "name": "Can add group",
    "content_type": 3,
    "codename": "add_group"
  }
},
{
  "model": "auth.permission",
  "pk": 10,
  "fields": {
    "name": "Can change group",
    "content_type": 3,
    "codename": "change_group"
  }
},
{
  "model": "auth.permission",
  "pk": 11,
  "fields": {
    "name": "Can delete group",
    "content_type": 3,
    "codename": "delete_group"
  }
},
{
  "model": "auth.permission",
  "pk": 12,
  "fields": {
    "name": "Can view group",
    "content_type": 3,
    "codename": "view_group"
  }
},
{
  "model": "auth.permission",
  "pk": 13,
  "fields": {
    "name": "Can add user",
    "content_type": 4,
    "codename": "add_user"
  }
},
{
  "model": "auth.permission",
  "pk": 14,
  "fields": {
    "name": "Can change user",
    "content_type": 4,
    "codename": "change_user"
  }
},
{
  "model": "auth.permission",
  "pk": 15,
  "fields": {
    "name": "Can delete user",
    "content_type": 4,
    "codename": "delete_user"
  }
},
{
  "model": "auth.permission",
  "pk": 16,
  "fields": {
    "name": "Can view user",
    "content_type": 4,
    "codename": "view_user"
  }
},
{
  "model": "auth.permission",
  "pk": 17,
  "fields": {
    "name": "Can add content type",
    "content_type": 5,
    "codename": "add_contenttype"
  }
},
{
  "model": "auth.permission",
  "pk": 18,
  "fields": {
    "name": "Can change content type",
    "content_type": 5,
    "codename": "change_contenttype"
  }
},
{
  "model": "auth.permission",
  "pk": 19,
  "fields": {
    "name": "Can delete content type",
    "content_type": 5,
    "codename": "delete_contenttype"
  }
},
{
  "model": "auth.permission",
  "pk": 20,
  "fields": {
    "name": "Can view content type",
    "content_type": 5,
    "codename": "view_contenttype"
  }
},
{
  "model": "auth.permission",
  "pk": 21,
  "fields": {
    "name": "Can add session",
    "content_type": 6,
    "codename": "add_session"
  }
},
{
  "model": "auth.permission",
  "pk": 22,
  "fields": {
    "name": "Can change session",
    "content_type": 6,
    "codename": "change_session"
  }
},
{
  "model": "auth.permission",
  "pk": 23,
  "fields": {
    "name": "Can delete session",
    "content_type": 6,
    "codename": "delete_session"
  }
},
{
  "model": "auth.permission",
  "pk": 24,
  "fields": {
    "name": "Can view session",
    "content_type": 6,
    "codename": "view_session"
  }
},
{
  "model": "auth.permission",
  "pk": 25,
  "fields": {
    "name": "Can add digital content",
    "content_type": 7,
    "codename": "add_digitalcontent"
  }
},
{
  "model": "auth.permission",
  "pk": 26,
  "fields": {
    "name": "Can change digital content",
    "content_type": 7,
    "codename": "change_digitalcontent"
  }
},
{
  "model": "auth.permission",
  "pk": 27,
  "fields": {
    "name": "Can delete digital content",
    "content_type": 7,
    "codename": "delete_digitalcontent"
  }
},
{
  "model": "auth.permission",
  "pk": 28,
  "fields": {
    "name": "Can view digital content",
    "content_type": 7,
    "codename": "view_digitalcontent"
  }
},
{
  "model": "auth.permission",
  "pk": 29,
  "fields": {
    "name": "Can add discount code",
    "content_type": 8,
    "codename": "add_discountcode"
  }
},
{
  "model": "auth.permission",
  "pk": 30,
  "fields": {
    "name": "Can change discount code",
    "content_type": 8,
    "codename": "change_discountcode"
  }
},
{
  "model": "auth.permission",
  "pk": 31,
  "fields": {
    "name": "Can delete discount code",
    "content_type": 8,
    "codename": "delete_discountcode"
  }
},
{
  "model": "auth.permission",
  "pk": 32,
  "fields": {
    "name": "Can view discount code",
    "content_type": 8,
    "codename": "view_discountcode"
  }
},
{
  "model": "auth.permission",
  "pk": 33,
  "fields": {
    "name": "Can add event",
    "content_type": 9,
    "codename": "add_event"
  }
},
{
  "model": "auth.permission",
  "pk": 34,
  "fields": {
    "name": "Can change event",
    "content_type": 9,
    "codename": "change_event"
  }
},
{
  "model": "auth.permission",
  "pk": 35,
  "fields": {
    "name": "Can delete event",
    "content_type": 9,
    "codename": "delete_event"
  }
},
{
  "model": "auth.permission",
  "pk": 36,
  "fields": {
    "name": "Can view event",
    "content_type": 9,
    "codename": "view_event"
  }
},
{
  "model": "auth.permission",
  "pk": 37,
  "fields": {
    "name": "Can add customer",
    "content_type": 10,
    "codename": "add_customer"
  }
},
{
  "model": "auth.permission",
  "pk": 38,
  "fields": {
    "name": "Can change customer",
    "content_type": 10,
    "codename": "change_customer"
  }
},
{
  "model": "auth.permission",
  "pk": 39,
  "fields": {
    "name": "Can delete customer",
    "content_type": 10,
    "codename": "delete_customer"
  }
},
{
  "model": "auth.permission",
  "pk": 40,
  "fields": {
    "name": "Can view customer",
    "content_type": 10,
    "codename": "view_customer"
  }
},
{
  "model": "auth.permission",
  "pk": 41,
  "fields": {
    "name": "Can add content download",
    "content_type": 11,
    "codename": "add_contentdownload"
  }
},
{
  "model": "auth.permission",
  "pk": 42,
  "fields": {
    "name": "Can change content download",
    "content_type": 11,
    "codename": "change_contentdownload"
  }
},
{
  "model": "auth.permission",
  "pk": 43,
  "fields": {
    "name": "Can delete content download",
    "content_type": 11,
    "codename": "delete_contentdownload"
  }
},
{
  "model": "auth.permission",
  "pk": 44,
  "fields": {
    "name": "Can view content download",
    "content_type": 11,
    "codename": "view_contentdownload"
  }
},
{
  "model": "auth.permission",
  "pk": 45,
  "fields": {
    "name": "Can add event registration",
    "content_type": 12,
    "codename": "add_eventregistration"
  }
},
{
  "model": "auth.permission",
  "pk": 46,
  "fields": {
    "name": "Can change event registration",
    "content_type": 12,
    "codename": "change_eventregistration"
  }
},
{
  "model": "auth.permission",
  "pk": 47,
  "fields": {
    "name": "Can delete event registration",
    "content_type": 12,
    "codename": "delete_eventregistration"
  }
},
{
  "model": "auth.permission",
  "pk": 48,
  "fields": {
    "name": "Can view event registration",
    "content_type": 12,
    "codename": "view_eventregistration"
  }
},
{
  "model": "auth.user",
  "pk": 1,
  "fields": {
    "password": "pbkdf2_sha256$1000000$0JfCqHNsvJ2XNU0pNR97rz$jFiSB23NoxUjCeBHRILIm/pmD3JJVF4D0g7soJEE2rc=",
    "last_login": "2025-07-27T22:24:11.693Z",
    "is_superuser": true,
    "username": "encuadrado",
    "first_name": "",
    "last_name": "",
    "email": "embuscagliah@gmail.com",
    "is_staff": true,
    "is_active": true,
    "date_joined": "2025-07-27T19:32:07.174Z",
    "groups": [],
    "user_permissions": []
  }
},
{
  "model": "contenttypes.contenttype",
  "pk": 1,
  "fields": {
    "app_label": "admin",
    "model": "logentry"
  }
},
{
  "model": "contenttypes.contenttype",
  "pk": 2,
  "fields": {
    "app_label": "auth",
    "model": "permission"
  }
},
{
  "model": "contenttypes.contenttype",
  "pk": 3,
  "fields": {
    "app_label": "auth",
    "model": "group"
  }
},
{
  "model": "contenttypes.contenttype",
  "pk": 4,
  "fields": {
    "app_label": "auth",
    "model": "user"
  }
},
{
  "model": "contenttypes.contenttype",
  "pk": 5,
  "fields": {
    "app_label": "contenttypes",
    "model": "contenttype"
  }
},
{
  "model": "contenttypes.contenttype",
  "pk": 6,
  "fields": {
    "app_label": "sessions",
    "model": "session"
  }
},
{
  "model": "contenttypes.contenttype",
  "pk": 7,
  "fields": {
    "app_label": "model",
    "model": "digitalcontent"
  }
},
{
  "model": "contenttypes.contenttype",
  "pk": 8,
  "fields": {
    "app_label": "model",
    "model": "discountcode"
  }
},
{
  "model": "contenttypes.contenttype",
  "pk": 9,
  "fields": {
    "app_label": "model",
    "model": "event"
  }
},
{
  "model": "contenttypes.contenttype",
  "pk": 10,
  "fields": {
    "app_label": "marketplace",
    "model": "customer"
  }
},
{
  "model": "contenttypes.contenttype",
  "pk": 11,
  "fields": {
    "app_label": "marketplace",
    "model": "contentdownload"
  }
},
{
  "model": "contenttypes.contenttype",
  "pk": 12,
  "fields": {
    "app_label": "marketplace",
    "model": "eventregistration"
  }
},
{
  "model": "sessions.session",
  "pk": "s05mpg715axto3626ciqkyka8ay5ko47",
  "fields": {
    "session_data": ".eJxVjDsOwjAQBe_iGll568SsKelzhmhtZ3EAJVI-FeLuECkFtG9m3st0sq2l25Z-7oZsLgbm9LtFSY9-3EG-y3ibbJrGdR6i3RV70MW2U-6f18P9OyiylG8dkza5imdAACdJiUJyCqmYWAkuIAWlqlFPnD1A7Nk7KKOua4Z5fwDY-jag:1ug9mt:Z4oEu0EfAQGDwbQbgMihA-hXww3-LDjLDPSmnbNkYiI",
    "expire_date": "2025-08-10T22:24:11.720Z"
  }
},
{
  "model": "model.event",
  "pk": 21,
  "fields": {
    "name": "Evento 1",
    "description": "Descripción detallada del evento 1. Aprende sobre cosas útiles.",
    "start_time": "2025-07-28T23:12:38.317Z",
    "duration": "01:00:00",
    "price": 10007,
    "capacity": null,
    "is_online": true,
    "location": "",
    "video_call_url": "https://meet.example.com/evento1"
  }
},
{
  "model": "model.event",
  "pk": 22,
  "fields": {
    "name": "Evento 2",
    "description": "Descripción detallada del evento 2. Aprende sobre cosas útiles.",
    "start_time": "2025-07-29T23:12:38.317Z",
    "duration": "02:00:00",
    "price": 11701,
    "capacity": 52,
    "is_online": false,
    "location": "Av. Siempreviva 101",
    "video_call_url": ""
  }
},
{
  "model": "model.event",
  "pk": 23,
  "fields": {
    "name": "Evento 3",
    "description": "Descripción detallada del evento 3. Aprende sobre cosas útiles.",
    "start_time": "2025-07-30T23:12:38.317Z",
    "duration": "03:00:00",
    "price": 13401,
    "capacity": 54,
    "is_online": true,
    "location": "",
    "video_call_url": "https://meet.example.com/evento3"
  }
},
{
  "model": "model.event",
  "pk": 24,
  "fields": {
    "name": "Evento 4",
    "description": "Descripción detallada del evento 4. Aprende sobre cosas útiles.",
    "start_time": "2025-07-31T23:12:38.317Z",
    "duration": "01:00:00",
    "price": 15105,
    "capacity": 56,
    "is_online": false,
    "location": "Av. Siempreviva 103",
    "video_call_url": ""
  }
},
{
  "model": "model.event",
  "pk": 25,
  "fields": {
    "name": "Evento 5",
    "description": "Descripción detallada del evento 5. Aprende sobre cosas útiles.",
    "start_time": "2025-08-01T23:12:38.317Z",
    "duration": "02:00:00",
    "price": 16803,
    "capacity": 58,
    "is_online": true,
    "location": "",
    "video_call_url": "https://meet.example.com/evento5"
  }
},
{
  "model": "model.event",
  "pk": 26,
  "fields": {
    "name": "Evento 6",
    "description": "Descripción detallada del evento 6. Aprende sobre cosas útiles.",
    "start_time": "2025-08-02T23:12:38.317Z",
    "duration": "03:00:00",
    "price": 18506,
    "capacity": null,
    "is_online": false,
    "location": "Av. Siempreviva 105",
    "video_call_url": ""
  }
},
{
  "model": "model.event",
  "pk": 27,
  "fields": {
    "name": "Evento 7",
    "description": "Descripción detallada del evento 7. Aprende sobre cosas útiles.",
    "start_time": "2025-08-03T23:12:38.317Z",
    "duration": "01:00:00",
    "price": 20205,
    "capacity": 62,
    "is_online": true,
    "location": "",
    "video_call_url": "https://meet.example.com/evento7"
  }
},
{
  "model": "model.event",
  "pk": 28,
  "fields": {
    "name": "Evento 8",
    "description": "Descripción detallada del evento 8. Aprende sobre cosas útiles.",
    "start_time": "2025-08-04T23:12:38.317Z",
    "duration": "02:00:00",
    "price": 21904,
    "capacity": 64,
    "is_online": false,
    "location": "Av. Siempreviva 107",
    "video_call_url": ""
  }
},
{
  "model": "model.event",
  "pk": 29,
  "fields": {
    "name": "Evento 9",
    "description": "Descripción detallada del evento 9. Aprende sobre cosas útiles.",
    "start_time": "2025-08-05T23:12:38.317Z",
    "duration": "03:00:00",
    "price": 23602,
    "capacity": 66,
    "is_online": true,
    "location": "",
    "video_call_url": "https://meet.example.com/evento9"
  }
},
{
  "model": "model.event",
  "pk": 30,
  "fields": {
    "name": "Evento 10",
    "description": "Descripción detallada del evento 10. Aprende sobre cosas útiles.",
    "start_time": "2025-08-06T23:12:38.317Z",
    "duration": "01:00:00",
    "price": 25305,
    "capacity": 68,
    "is_online": false,
    "location": "Av. Siempreviva 109",
    "video_call_url": ""
  }
},
{
  "model": "model.event",
  "pk": 31,
  "fields": {
    "name": "Evento 11",
    "description": "Descripción detallada del evento 11. Aprende sobre cosas útiles.",
    "start_time": "2025-08-07T23:12:38.317Z",
    "duration": "02:00:00",
    "price": 27000,
    "capacity": null,
    "is_online": true,
    "location": "",
    "video_call_url": "https://meet.example.com/evento11"
  }
},
{
  "model": "model.event",
  "pk": 32,
  "fields": {
    "name": "Evento 12",
    "description": "Descripción detallada del evento 12. Aprende sobre cosas útiles.",
    "start_time": "2025-08-08T23:12:38.317Z",
    "duration": "03:00:00",
    "price": 28702,
    "capacity": 72,
    "is_online": false,
    "location": "Av. Siempreviva 111",
    "video_call_url": ""
  }
},
{
  "model": "model.event",
  "pk": 33,
  "fields": {
    "name": "Evento 13",
    "description": "Descripción detallada del evento 13. Aprende sobre cosas útiles.",
    "start_time": "2025-08-09T23:12:38.317Z",
    "duration": "01:00:00",
    "price": 30408,
    "capacity": 74,
    "is_online": true,
    "location": "",
    "video_call_url": "https://meet.example.com/evento13"
  }
},
{
  "model": "model.event",
  "pk": 34,
  "fields": {
    "name": "Evento 22",
    "description": "Descripción detallada del evento 14. Aprende sobre cosas útiles.",
    "start_time": "2025-08-10T23:12:38Z",
    "duration": "02:00:00",
    "price": 32102,
    "capacity": 76,
    "is_online": false,
    "location": "Av. Siempreviva 113",
    "video_call_url": ""
  }
},
{
  "model": "model.event",
  "pk": 35,
  "fields": {
    "name": "Evento 15",
    "description": "Descripción detallada del evento 15. Aprende sobre cosas útiles.",
    "start_time": "2025-08-11T23:12:38.317Z",
    "duration": "03:00:00",
    "price": 33802,
    "capacity": 78,
    "is_online": true,
    "location": "",
    "video_call_url": "https://meet.example.com/evento15"
  }
},
{
  "model": "model.digitalcontent",
  "pk": 20,
  "fields": {
    "name": "Contenido Digital 1",
    "description": "Contenido descargable número 1. Ebook, guía o curso en PDF.",
    "price": 5000,
    "file_url": "https://downloads.example.com/content_1.pdf"
  }
},
{
  "model": "model.digitalcontent",
  "pk": 21,
  "fields": {
    "name": "Contenido Digital 2",
    "description": "Contenido descargable número 2. Ebook, guía o curso en PDF.",
    "price": 6200,
    "file_url": "https://downloads.example.com/content_2.pdf"
  }
},
{
  "model": "model.digitalcontent",
  "pk": 22,
  "fields": {
    "name": "Contenido Digital 3",
    "description": "Contenido descargable número 3. Ebook, guía o curso en PDF.",
    "price": 7407,
    "file_url": "https://downloads.example.com/content_3.pdf"
  }
},
{
  "model": "model.digitalcontent",
  "pk": 23,
  "fields": {
    "name": "Contenido Digital 4",
    "description": "Contenido descargable número 4. Ebook, guía o curso en PDF.",
    "price": 8604,
    "file_url": "https://downloads.example.com/content_4.pdf"
  }
},
{
  "model": "model.digitalcontent",
  "pk": 24,
  "fields": {
    "name": "Contenido Digital 5",
    "description": "Contenido descargable número 5. Ebook, guía o curso en PDF.",
    "price": 9808,
    "file_url": "https://downloads.example.com/content_5.pdf"
  }
},
{
  "model": "model.digitalcontent",
  "pk": 25,
  "fields": {
    "name": "Contenido Digital 6",
    "description": "Contenido descargable número 6. Ebook, guía o curso en PDF.",
    "price": 11004,
    "file_url": "https://downloads.example.com/content_6.pdf"
  }
},
{
  "model": "model.digitalcontent",
  "pk": 26,
  "fields": {
    "name": "Contenido Digital 7",
    "description": "Contenido descargable número 7. Ebook, guía o curso en PDF.",
    "price": 12201,
    "file_url": "https://downloads.example.com/content_7.pdf"
  }
},
{
  "model": "model.digitalcontent",
  "pk": 27,
  "fields": {
    "name": "Contenido Digital 8",
    "description": "Contenido descargable número 8. Ebook, guía o curso en PDF.",
    "price": 13401,
    "file_url": "https://downloads.example.com/content_8.pdf"
  }
},
{
  "model": "model.digitalcontent",
  "pk": 28,
  "fields": {
    "name": "Contenido Digital 9",
    "description": "Contenido descargable número 9. Ebook, guía o curso en PDF.",
    "price": 14609,
    "file_url": "https://downloads.example.com/content_9.pdf"
  }
},
{
  "model": "model.digitalcontent",
  "pk": 29,
  "fields": {
    "name": "Contenido Digital 10",
    "description": "Contenido descargable número 10. Ebook, guía o curso en PDF.",
    "price": 15802,
    "file_url": "https://downloads.example.com/content_10.pdf"
  }
},
{
  "model": "model.digitalcontent",
  "pk": 30,
  "fields": {
    "name": "Contenido Digital 11",
    "description": "Contenido descargable número 11. Ebook, guía o curso en PDF.",
    "price": 17004,
    "file_url": "https://downloads.example.com/content_11.pdf"
  }
},
{
  "model": "model.digitalcontent",
  "pk": 31,
  "fields": {
    "name": "Contenido Digital 12",
    "description": "Contenido descargable número 12. Ebook, guía o curso en PDF.",
    "price": 18206,
    "file_url": "https://downloads.example.com/content_12.pdf"
  }
},
{
  "model": "model.digitalcontent",
  "pk": 32,
  "fields": {
    "name": "Contenido Digital 13",
    "description": "Contenido descargable número 13. Ebook, guía o curso en PDF.",
    "price": 19400,
    "file_url": "https://downloads.example.com/content_13.pdf"
  }
},
{
  "model": "model.digitalcontent",
  "pk": 33,
  "fields": {
    "name": "Contenido Digital 14",
    "description": "Contenido descargable número 14. Ebook, guía o curso en PDF.",
    "price": 20600,
    "file_url": "https://downloads.example.com/content_14.pdf"
  }
},
{
  "model": "model.digitalcontent",
  "pk": 34,
  "fields": {
    "name": "Contenido Digital 15",
    "description": "Contenido descargable número 15. Ebook, guía o curso en PDF.",
    "price": 21801,
    "file_url": "https://downloads.example.com/content_15.pdf"
  }
},
{
  "model": "model.discountcode",
  "pk": 9,
  "fields": {
    "code": "WELCOME10",
    "discount_percentage": 10,
    "is_active": true
  }
},
{
  "model": "model.discountcode",
  "pk": 10,
  "fields": {
    "code": "SUMMER15",
    "discount_percentage": 15,
    "is_active": true
  }
},
{
  "model": "model.discountcode",
  "pk": 11,
  "fields": {
    "code": "FLASH25",
    "discount_percentage": 25,
    "is_active": true
  }
},
{
  "model": "model.discountcode",
  "pk": 12,
  "fields": {
    "code": "DEMO50",
    "discount_percentage": 50,
    "is_active": false
  }
},
{
  "model": "model.discountcode",
  "pk": 13,
  "fields": {
    "code": "FREE100",
    "discount_percentage": 100,
    "is_active": true
  }
},
{
  "model": "marketplace.customer",
  "pk": 41,
  "fields": {
    "name": "Cliente 1",
    "email": "cliente1@demo.com"
  }
},
{
  "model": "marketplace.customer",
  "pk": 42,
  "fields": {
    "name": "Cliente 2",
    "email": "cliente2@demo.com"
  }
},
{
  "model": "marketplace.customer",
  "pk": 43,
  "fields": {
    "name": "Cliente 3",
    "email": "cliente3@demo.com"
  }
},
{
  "model": "marketplace.customer",
  "pk": 44,
  "fields": {
    "name": "Cliente 4",
    "email": "cliente4@demo.com"
  }
},
{
  "model": "marketplace.customer",
  "pk": 45,
  "fields": {
    "name": "Cliente 5",
    "email": "cliente5@demo.com"
  }
},
{
  "model": "marketplace.customer",
  "pk": 46,
  "fields": {
    "name": "Cliente 6",
    "email": "cliente6@demo.com"
  }
},
{
  "model": "marketplace.customer",
  "pk": 47,
  "fields": {
    "name": "Cliente 7",
    "email": "cliente7@demo.com"
  }
},
{
  "model": "marketplace.customer",
  "pk": 48,
  "fields": {
    "name": "Cliente 8",
    "email": "cliente8@demo.com"
  }
},
{
  "model": "marketplace.customer",
  "pk": 49,
  "fields": {
    "name": "Cliente 9",
    "email": "cliente9@demo.com"
  }
},
{
  "model": "marketplace.customer",
  "pk": 50,
  "fields": {
    "name": "Cliente 10",
    "email": "cliente10@demo.com"
  }
},
{
  "model": "marketplace.customer",
  "pk": 51,
  "fields": {
    "name": "Test User",
    "email": "test@example.com"
  }
},
{
  "model": "marketplace.customer",
  "pk": 52,
  "fields": {
    "name": "Enzo Buscaglia",
    "email": "embuscagliah@gmail.com"
  }
},
{
  "model": "marketplace.customer",
  "pk": 53,
  "fields": {
    "name": "Matías Pérez",
    "email": "mperez@gmail.com"
  }
},
{
  "model": "marketplace.eventregistration",
  "pk": 78,
  "fields": {
    "customer": 41,
    "event": 35,
    "created_at": "2025-07-27T23:18:46.390Z",
    "normal_price": 33802,
    "final_price": 0,
    "discount_code": 13,
    "payment_status": "paid",
    "paid_at": "2025-07-26T23:18:46.390Z"
  }
},
{
  "model": "marketplace.eventregistration",
  "pk": 79,
  "fields": {
    "customer": 41,
    "event": 34,
    "created_at": "2025-07-27T23:18:46.393Z",
    "normal_price": 32102,
    "final_price": 28892,
    "discount_code": 9,
    "payment_status": "paid",
    "paid_at": "2025-07-21T23:18:46.390Z"
  }
},
{
  "model": "marketplace.eventregistration",
  "pk": 80,
  "fields": {
    "customer": 41,
    "event": 28,
    "created_at": "2025-07-27T23:18:46.395Z",
    "normal_price": 21904,
    "final_price": 16428,
    "discount_code": 11,
    "payment_status": "failed",
    "paid_at": null
  }
},
{
  "model": "marketplace.eventregistration",
  "pk": 81,
  "fields": {
    "customer": 42,
    "event": 22,
    "created_at": "2025-07-27T23:18:46.397Z",
    "normal_price": 11701,
    "final_price": 0,
    "discount_code": 13,
    "payment_status": "paid",
    "paid_at": "2025-07-23T23:18:46.390Z"
  }
},
{
  "model": "marketplace.eventregistration",
  "pk": 82,
  "fields": {
    "customer": 43,
    "event": 31,
    "created_at": "2025-07-27T23:18:46.399Z",
    "normal_price": 27000,
    "final_price": 20250,
    "discount_code": 11,
    "payment_status": "paid",
    "paid_at": "2025-07-17T23:18:46.390Z"
  }
},
{
  "model": "marketplace.eventregistration",
  "pk": 83,
  "fields": {
    "customer": 43,
    "event": 29,
    "created_at": "2025-07-27T23:18:46.400Z",
    "normal_price": 23602,
    "final_price": 20062,
    "discount_code": 10,
    "payment_status": "paid",
    "paid_at": "2025-07-20T23:18:46.390Z"
  }
},
{
  "model": "marketplace.eventregistration",
  "pk": 84,
  "fields": {
    "customer": 44,
    "event": 34,
    "created_at": "2025-07-27T23:18:46.402Z",
    "normal_price": 32102,
    "final_price": 0,
    "discount_code": 13,
    "payment_status": "paid",
    "paid_at": "2025-07-17T23:18:46.390Z"
  }
},
{
  "model": "marketplace.eventregistration",
  "pk": 85,
  "fields": {
    "customer": 44,
    "event": 32,
    "created_at": "2025-07-27T23:18:46.404Z",
    "normal_price": 28702,
    "final_price": 25832,
    "discount_code": 9,
    "payment_status": "paid",
    "paid_at": "2025-07-18T23:18:46.390Z"
  }
},
{
  "model": "marketplace.eventregistration",
  "pk": 86,
  "fields": {
    "customer": 45,
    "event": 29,
    "created_at": "2025-07-27T23:18:46.406Z",
    "normal_price": 23602,
    "final_price": 23602,
    "discount_code": null,
    "payment_status": "paid",
    "paid_at": "2025-07-22T23:18:46.390Z"
  }
},
{
  "model": "marketplace.eventregistration",
  "pk": 87,
  "fields": {
    "customer": 45,
    "event": 22,
    "created_at": "2025-07-27T23:18:46.408Z",
    "normal_price": 11701,
    "final_price": 0,
    "discount_code": 13,
    "payment_status": "paid",
    "paid_at": "2025-07-27T23:18:46.390Z"
  }
},
{
  "model": "marketplace.eventregistration",
  "pk": 88,
  "fields": {
    "customer": 46,
    "event": 32,
    "created_at": "2025-07-27T23:18:46.409Z",
    "normal_price": 28702,
    "final_price": 21527,
    "discount_code": 11,
    "payment_status": "paid",
    "paid_at": "2025-07-18T23:18:46.390Z"
  }
},
{
  "model": "marketplace.eventregistration",
  "pk": 89,
  "fields": {
    "customer": 46,
    "event": 29,
    "created_at": "2025-07-27T23:18:46.411Z",
    "normal_price": 23602,
    "final_price": 20062,
    "discount_code": 10,
    "payment_status": "paid",
    "paid_at": "2025-07-25T23:18:46.390Z"
  }
},
{
  "model": "marketplace.eventregistration",
  "pk": 90,
  "fields": {
    "customer": 46,
    "event": 25,
    "created_at": "2025-07-27T23:18:46.413Z",
    "normal_price": 16803,
    "final_price": 15123,
    "discount_code": 9,
    "payment_status": "paid",
    "paid_at": "2025-07-23T23:18:46.390Z"
  }
},
{
  "model": "marketplace.eventregistration",
  "pk": 91,
  "fields": {
    "customer": 47,
    "event": 34,
    "created_at": "2025-07-27T23:18:46.415Z",
    "normal_price": 32102,
    "final_price": 24077,
    "discount_code": 11,
    "payment_status": "paid",
    "paid_at": "2025-07-24T23:18:46.390Z"
  }
},
{
  "model": "marketplace.eventregistration",
  "pk": 92,
  "fields": {
    "customer": 47,
    "event": 22,
    "created_at": "2025-07-27T23:18:46.416Z",
    "normal_price": 11701,
    "final_price": 11701,
    "discount_code": null,
    "payment_status": "paid",
    "paid_at": "2025-07-20T23:18:46.390Z"
  }
},
{
  "model": "marketplace.eventregistration",
  "pk": 93,
  "fields": {
    "customer": 48,
    "event": 30,
    "created_at": "2025-07-27T23:18:46.418Z",
    "normal_price": 25305,
    "final_price": 18979,
    "discount_code": 11,
    "payment_status": "failed",
    "paid_at": null
  }
},
{
  "model": "marketplace.eventregistration",
  "pk": 94,
  "fields": {
    "customer": 48,
    "event": 25,
    "created_at": "2025-07-27T23:18:46.420Z",
    "normal_price": 16803,
    "final_price": 14283,
    "discount_code": 10,
    "payment_status": "paid",
    "paid_at": "2025-07-25T23:18:46.390Z"
  }
},
{
  "model": "marketplace.eventregistration",
  "pk": 95,
  "fields": {
    "customer": 49,
    "event": 21,
    "created_at": "2025-07-27T23:18:46.421Z",
    "normal_price": 10007,
    "final_price": 10007,
    "discount_code": null,
    "payment_status": "paid",
    "paid_at": "2025-07-24T23:18:46.390Z"
  }
},
{
  "model": "marketplace.eventregistration",
  "pk": 96,
  "fields": {
    "customer": 49,
    "event": 33,
    "created_at": "2025-07-27T23:18:46.423Z",
    "normal_price": 30408,
    "final_price": 22806,
    "discount_code": 11,
    "payment_status": "paid",
    "paid_at": "2025-07-18T23:18:46.390Z"
  }
},
{
  "model": "marketplace.eventregistration",
  "pk": 97,
  "fields": {
    "customer": 49,
    "event": 35,
    "created_at": "2025-07-27T23:18:46.425Z",
    "normal_price": 33802,
    "final_price": 25352,
    "discount_code": 11,
    "payment_status": "paid",
    "paid_at": "2025-07-25T23:18:46.390Z"
  }
},
{
  "model": "marketplace.eventregistration",
  "pk": 98,
  "fields": {
    "customer": 50,
    "event": 32,
    "created_at": "2025-07-27T23:18:46.427Z",
    "normal_price": 28702,
    "final_price": 0,
    "discount_code": 13,
    "payment_status": "paid",
    "paid_at": "2025-07-22T23:18:46.390Z"
  }
},
{
  "model": "marketplace.eventregistration",
  "pk": 99,
  "fields": {
    "customer": 50,
    "event": 26,
    "created_at": "2025-07-27T23:18:46.428Z",
    "normal_price": 18506,
    "final_price": 0,
    "discount_code": 13,
    "payment_status": "paid",
    "paid_at": "2025-07-24T23:18:46.390Z"
  }
},
{
  "model": "marketplace.eventregistration",
  "pk": 100,
  "fields": {
    "customer": 51,
    "event": 21,
    "created_at": "2025-07-28T15:45:10.218Z",
    "normal_price": 10007,
    "final_price": 10007,
    "discount_code": null,
    "payment_status": "paid",
    "paid_at": "2025-07-28T15:45:10.217Z"
  }
},
{
  "model": "marketplace.eventregistration",
  "pk": 101,
  "fields": {
    "customer": 52,
    "event": 21,
    "created_at": "2025-07-28T16:21:32.775Z",
    "normal_price": 10007,
    "final_price": 10007,
    "discount_code": null,
    "payment_status": "paid",
    "paid_at": "2025-07-28T16:21:32.775Z"
  }
},
{
  "model": "marketplace.eventregistration",
  "pk": 102,
  "fields": {
    "customer": 53,
    "event": 21,
    "created_at": "2025-07-28T16:24:00.838Z",
    "normal_price": 10007,
    "final_price": 10007,
    "discount_code": null,
    "payment_status": "paid",
    "paid_at": "2025-07-28T16:24:00.838Z"
  }
},
{
  "model": "marketplace.contentdownload",
  "pk": 37,
  "fields": {
    "customer": 41,
    "content": 31,
    "created_at": "2025-07-27T23:18:46.430Z",
    "normal_price": 18206,
    "final_price": 15476,
    "discount_code": 10,
    "payment_status": "paid",
    "paid_at": "2025-07-19T23:18:46.390Z"
  }
},
{
  "model": "marketplace.contentdownload",
  "pk": 38,
  "fields": {
    "customer": 42,
    "content": 20,
    "created_at": "2025-07-27T23:18:46.432Z",
    "normal_price": 5000,
    "final_price": 4250,
    "discount_code": 10,
    "payment_status": "paid",
    "paid_at": "2025-07-17T23:18:46.390Z"
  }
},
{
  "model": "marketplace.contentdownload",
  "pk": 39,
  "fields": {
    "customer": 44,
    "content": 26,
    "created_at": "2025-07-27T23:18:46.433Z",
    "normal_price": 12201,
    "final_price": 0,
    "discount_code": 13,
    "payment_status": "paid",
    "paid_at": "2025-07-26T23:18:46.390Z"
  }
},
{
  "model": "marketplace.contentdownload",
  "pk": 40,
  "fields": {
    "customer": 45,
    "content": 29,
    "created_at": "2025-07-27T23:18:46.435Z",
    "normal_price": 15802,
    "final_price": 13432,
    "discount_code": 10,
    "payment_status": "paid",
    "paid_at": "2025-07-27T23:18:46.390Z"
  }
},
{
  "model": "marketplace.contentdownload",
  "pk": 41,
  "fields": {
    "customer": 45,
    "content": 26,
    "created_at": "2025-07-27T23:18:46.437Z",
    "normal_price": 12201,
    "final_price": 9151,
    "discount_code": 11,
    "payment_status": "paid",
    "paid_at": "2025-07-24T23:18:46.390Z"
  }
},
{
  "model": "marketplace.contentdownload",
  "pk": 42,
  "fields": {
    "customer": 46,
    "content": 22,
    "created_at": "2025-07-27T23:18:46.439Z",
    "normal_price": 7407,
    "final_price": 5556,
    "discount_code": 11,
    "payment_status": "paid",
    "paid_at": "2025-07-24T23:18:46.390Z"
  }
},
{
  "model": "marketplace.contentdownload",
  "pk": 43,
  "fields": {
    "customer": 47,
    "content": 24,
    "created_at": "2025-07-27T23:18:46.440Z",
    "normal_price": 9808,
    "final_price": 8337,
    "discount_code": 10,
    "payment_status": "failed",
    "paid_at": null
  }
},
{
  "model": "marketplace.contentdownload",
  "pk": 44,
  "fields": {
    "customer": 47,
    "content": 34,
    "created_at": "2025-07-27T23:18:46.442Z",
    "normal_price": 21801,
    "final_price": 18531,
    "discount_code": 10,
    "payment_status": "paid",
    "paid_at": "2025-07-18T23:18:46.390Z"
  }
},
{
  "model": "marketplace.contentdownload",
  "pk": 45,
  "fields": {
    "customer": 48,
    "content": 28,
    "created_at": "2025-07-27T23:18:46.444Z",
    "normal_price": 14609,
    "final_price": 12418,
    "discount_code": 10,
    "payment_status": "failed",
    "paid_at": null
  }
},
{
  "model": "marketplace.contentdownload",
  "pk": 46,
  "fields": {
    "customer": 48,
    "content": 24,
    "created_at": "2025-07-27T23:18:46.446Z",
    "normal_price": 9808,
    "final_price": 8337,
    "discount_code": 10,
    "payment_status": "failed",
    "paid_at": null
  }
},
{
  "model": "marketplace.contentdownload",
  "pk": 47,
  "fields": {
    "customer": 49,
    "content": 22,
    "created_at": "2025-07-27T23:18:46.447Z",
    "normal_price": 7407,
    "final_price": 6296,
    "discount_code": 10,
    "payment_status": "paid",
    "paid_at": "2025-07-22T23:18:46.390Z"
  }
},
{
  "model": "marketplace.contentdownload",
  "pk": 48,
  "fields": {
    "customer": 49,
    "content": 33,
    "created_at": "2025-07-27T23:18:46.449Z",
    "normal_price": 20600,
    "final_price": 17510,
    "discount_code": 10,
    "payment_status": "paid",
    "paid_at": "2025-07-22T23:18:46.390Z"
  }
},
{
  "model": "marketplace.contentdownload",
  "pk": 49,
  "fields": {
    "customer": 50,
    "content": 33,
    "created_at": "2025-07-27T23:18:46.450Z",
    "normal_price": 20600,
    "final_price": 15450,
    "discount_code": 11,
    "payment_status": "paid",
    "paid_at": "2025-07-17T23:18:46.390Z"
  }
},
{
  "model": "marketplace.contentdownload",
  "pk": 50,
  "fields": {
    "customer": 50,
    "content": 30,
    "created_at": "2025-07-27T23:18:46.452Z",
    "normal_price": 17004,
    "final_price": 12753,
    "discount_code": 11,
    "payment_status": "paid",
    "paid_at": "2025-07-23T23:18:46.390Z"
  }
},
{
  "model": "marketplace.contentdownload",
  "pk": 51,
  "fields": {
    "customer": 52,
    "content": 22,
    "created_at": "2025-07-28T16:25:21.162Z",
    "normal_price": 7407,
    "final_price": 7407,
    "discount_code": null,
    "payment_status": "paid",
    "paid_at": "2025-07-28T16:25:21.161Z"
  }
}
]
